{"eval/steps_per_second":38.318,"total_flos":5.615687522610288e+16,"train_runtime":5793.3297,"eval/loss":1.3627853393554688,"initial_medical_accuracy":0.2211331580205594,"train/global_step":68559,"train/learning_rate":3.8506979390014433e-07,"model_size_before_quantization":209.05908966064453,"train_loss":1.37526072433962,"accuracy_improvement":0.11235955056179772,"model_size_after_quantization":398.7197570800781,"confusion_matrix_table":{"nrows":16,"_type":"table-file","sha256":"b1f20bc01f7e06d3d6e11260332974090a0a55ddc3ba90ed6779614c9c4a015e","size":350,"artifact_path":"wandb-client-artifact://4epjh3jov9qfe3069k9mzosc0elanszkc0jh5e3saktnzx5l3q6jo7uz7w6412u9wx66eb16c8h01qvlr795shlllqkgrmylimjsfb0gxva30e1x4wc5frbkkjh5snss/confusion_matrix_table.table.json","_latest_artifact_path":"wandb-client-artifact://gkdj7cjug8ezrcb5m17ndgxk5y8eiqlxg4ba6inevg7vt35lqi4ycfhctfzavb997w0zq37q6zuvktkyt1x1zv53s896hu3qdbuqyprk2gvo2mngmb56m0v4uey0f89s:latest/confusion_matrix_table.table.json","path":"media/table/confusion_matrix_table_153_b1f20bc01f7e06d3d6e1.table.json","ncols":3},"final_medical_accuracy":0.33349270858235713,"train_samples_per_second":94.672,"train/loss":1.356,"_wandb":{"runtime":6484},"eval/samples_per_second":306.469,"train/grad_norm":1.3131214380264282,"train/epoch":3,"_timestamp":1.73070608762736e+09,"_runtime":6483.704397651,"_step":153,"train_steps_per_second":11.834,"eval/runtime":13.649}